{
  "baseThreshold": 100.0,
  "scalingFactors": {
    "en": 1.0,
    "zh": 0.2580892361712744,
    "ja": 0.35822902142321567,
    "de": 0.32597173084061526,
    "fr": 0.3053027516367756,
    "ru": 0.32687212341739497,
    "it": 0.24721848101259286
  }
}