{
  "baseThreshold": 100.0,
  "scalingFactors": {
    "en": 1.0,
    "zh": 0.2569329617920595,
    "ja": 0.35832758002267207,
    "de": 0.3260843530713626,
    "fr": 0.3049361633108566,
    "ru": 0.3272984358150216,
    "it": 0.2472294869998643
  }
}