{
  "baseThreshold": 100.0,
  "scalingFactors": {
    "en": 1.0,
    "zh": 0.257339244366218,
    "ja": 0.3584550975085737,
    "de": 0.3260976880355584,
    "fr": 0.305079583236204,
    "ru": 0.3268459847192659,
    "it": 0.2473402087907366
  }
}