{
  "baseThreshold": 100.0,
  "scalingFactors": {
    "en": 1.0,
    "zh": 0.25909810356383556,
    "ja": 0.3574585516786793,
    "de": 0.325094055844342,
    "fr": 0.3050568560261736,
    "ru": 0.3268829424773086,
    "it": 0.24650822874847275
  }
}