{
  "baseThreshold": 100.0,
  "scalingFactors": {
    "en": 1.0,
    "zh": 0.2567547348245229,
    "ja": 0.35836875642562044,
    "de": 0.32594872268484004,
    "fr": 0.30555688925178953,
    "ru": 0.3264128742132091,
    "it": 0.2468488967868272
  }
}