{
  "baseThreshold": 100.0,
  "scalingFactors": {
    "en": 1.0,
    "zh": 0.2569773499120025,
    "ja": 0.35864018077300797,
    "de": 0.3260665090914591,
    "fr": 0.30521595509563,
    "ru": 0.3264693636398134,
    "it": 0.24663872834798833
  }
}