{
  "baseThreshold": 100.0,
  "scalingFactors": {
    "en": 1.0,
    "zh": 0.2571705529501512,
    "ja": 0.35871367457383585,
    "de": 0.3256077406459535,
    "fr": 0.3051822688044148,
    "ru": 0.3266131063531864,
    "it": 0.24613690773439173
  }
}