{
  "baseThreshold": 100.0,
  "scalingFactors": {
    "en": 1.0,
    "zh": 0.25881098106899014,
    "ja": 0.3578995167811655,
    "de": 0.32557451067359694,
    "fr": 0.30535359262895045,
    "ru": 0.32697242758726724,
    "it": 0.24711067081910318
  }
}