{
  "baseThreshold": 100.0,
  "scalingFactors": {
    "en": 1.0,
    "zh": 0.2572196533407958,
    "ja": 0.35864023528068745,
    "de": 0.32592460881169505,
    "fr": 0.30549641988481463,
    "ru": 0.32710641111316874,
    "it": 0.24690616843417118
  }
}